{
    "display": {
      "icon": {
        "id": "minecraft:command_block",
        "components": {
          "minecraft:item_model": "backpacks:backpacks/normal/1/brown"
        }
      },
      "title": {
        "translate": "advancements.backpacks.adventurer"
      },
      "description": {
        "translate": "advancements.backpacks.adventurer.desc"
      },
      "frame": "task",
      "show_toast": true,
      "announce_to_chat": true,
      "hidden": false
    },
    "parent": "backpacks:tree/root",
    "criteria": {
      "requirement": {
        "trigger": "minecraft:recipe_crafted",
        "conditions": {
          "recipe_id": "backpacks:crafting_table/small"
        }
      }
    }
  }
  