{
  "type": "minecraft:crafting_shaped",
  "pattern": [
    "xxx",
    "xzx",
    "xxx"
  ],
  "key": {
    "x": "minecraft:leather",
    "z": "minecraft:ender_chest"
  },
  "result": {
    "id": "minecraft:jigsaw",
    "components": {
      "item_model": "backpacks:backpacks/ender/ender_backpack",
      "minecraft:item_name": "{\"translate\":\"item.backpacks.ender\"}",
      "minecraft:max_stack_size": 1,
      "minecraft:custom_data": "{backpacks:{real_backpack:1b,contents:{slots:\"enderchest\"}}}",
      "minecraft:rarity": "uncommon",
      "minecraft:lore": [
        "{\"color\":\"blue\",\"italic\":true,\"text\":\"Backpacks!\"}"
      ]
    }
  }
}