{
  "display": {
    "icon": {
      "id": "minecraft:player_head",
      "components": {
        "minecraft:profile": {
          "properties": [
            {
              "name": "textures",
              "value": "e3RleHR1cmVzOntTS0lOOnt1cmw6Imh0dHA6Ly90ZXh0dXJlcy5taW5lY3JhZnQubmV0L3RleHR1cmUvMzBkNjIxZTQ2OWNiYmZkMTk3NmQ0ODA1ZDQyZDhlZDY4N2Y2ZWRlMzgwNDE2MDY1MGM0MWNjYzRlZiJ9fX0="
            }
          ]
        }
      }
    },
    "title": "Veteran's Superstition",
    "description": "Kill Herobrine Boss",
    "frame": "challenge",
    "show_toast": true,
    "announce_to_chat": true
  },
  "parent": "minecraft:adventure/root",
  "criteria": {
    "requirement": {
      "trigger": "minecraft:player_killed_entity",
      "conditions": {
        "entity": {
          "nbt": "{Tags:[\"herobrine_boss.boss\"]}"
        }
      }
    }
  }
}